name,quote,author
1,"The greatest glory in living lies not in never falling, but in rising every time we fall.","Nelson Mandela"
2,"The way to get started is to quit talking and begin doing.","Walt Disney"
3,"Life is what happens when you're busy making other plans.","John Lennon"
4,"Spread love everywhere you go. Let no one ever come to you without leaving happier.","Mother Teresa"
5,"When you reach the end of your rope, tie a knot in it and hang on.","Franklin D. Roosevelt"
6,"Always remember that you are absolutely unique. Just like everyone else.","Margaret Mead"
7,"The future belongs to those who believe in the beauty of their dreams.","Eleanor Roosevelt"
8,"Tell me and I forget. Teach me and I remember. Involve me and I learn.","Benjamin Franklin"
9,"It is during our darkest moments that we must focus to see the light.","Aristotle"
10,"Whoever is happy will make others happy too.","Anne Frank"